{
	"emoticomments":[
		{

					"name": "Angel",
					"image": "images/svg/angel.svg",
					"hits": 0
				},
				{
					"name": "Astonished",
					"image": "images/svg/astonished.svg",
					"hits": 0
				},
				{
					"name": "Disappointed",
					"image": "images/svg/disappointed.svg",
					"hits": 0
				},
				{
					"name": "Eye Roll",
					"image": "images/svg/faceRollEyes.svg",
					"hits": 0
				},
				{
					"name": "Grin",
					"image": "images/svg/grin-smile.svg",
					"hits": 0
				},
				{
					"name": "Happy",
					"image": "images/svg/happy.svg",
					"hits": 0
				},
				{
					"name": "Neutral",
					"image": "images/svg/neutral.svg",
					"hits": 0
				},
				{
					"name": "Triumph",
					"image": "images/svg/triumph.svg",
					"hits": 0
				},
				{
					"name": "Worried",
					"image": "images/svg/worried.svg",
					"hits": 0

				}
	]	
}