[
		{
			"name": "Aliff",
			"currentChore": "Dishes",
			"daysToComplete": "4",
			"image": "../images/svg/dishes.svg"
		},
		{
			"name": "Belal",
			"currentChore": "Vaccuming",
			"daysToComplete": "4",
			"image": "../images/svg/vacuum.svg"
		},
		{
			"name": "Zack",
			"currentChore": "Trash",
			"daysToComplete": "4",
			"image": "../images/svg/trash.svg"
		},
		{
			"name": "Esteban",
			"currentChore": "Mopping",
			"daysToComplete": "4",
			"image": "../images/svg/mop.svg"
		},
		{
			"name": "User",
			"currentChore": "Mopping",
			"daysToComplete": "4",
			"image": "../images/svg/mop.svg"
		}
	]